Appointment Reference,Patient Name,Patient Address,Patient Phone,Agent Name,Appt. Status,Tracking #,Appt. Date/Time&nbsp;â–¼
DP20210520-00001,Yogesh Patel,(997) 872-1192,Naseer Zemaryalai, 1234555666,28 May 2021 02:00 PM
DP20210425-00003,Jon wade,(945) 879-5455,Yogesh Patel, n/a,20 May 2021 01:30 PM
DP20210519-00003,Rajesh Patel,(784) 455-7788,Yogesh Patel, 1234567890992,20 May 2021 02:00 PM
DP20210514-00001,Sam joe,(985) 545-4454,Yogesh Patel, 124567484949,18 May 2021 01:00 PM
DP20210507-00002,Nisha Patel,(784) 555-6654,N/A, n/a,14 May 2021 01:00 PM
DP20210507-00006,Yogesh Patel,(789) 544-5456,N/A, n/a,12 May 2021 02:00 PM
JD20210509-00002,John Doe,(455) 478-8444,N/A, n/a,12 May 2021 01:00 PM
DP20210509-00001,Ram Shrivastava,(789) 545-4554,N/A, n/a,12 May 2021 01:00 PM
LL20210509-00004,Linda Lohan,(457) 895-6545,N/A, n/a,10 May 2021 01:00 PM
SB20210508-00001,Sham Kumar,(789) 545-5455,N/A, n/a,10 May 2021 01:00 PM
DP20210507-00003,Raghav Patel,(789) 455-4854,Yogesh Patel, 76890017380,09 May 2021 01:00 PM
SB20210507-00007,Raj Sharma,(665) 656-5656,N/A, n/a,08 May 2021 06:00 AM
SB20210507-00005,Raj Sharma,(676) 665-5555,N/A, n/a,08 May 2021 08:30 AM
DP20210507-00001,Yogesh Patel,(789) 454-5454,N/A, n/a,07 May 2021 01:00 PM
DP20210424-00001,Yogesh Patel,(945) 875-8954,Yogesh Patel, n/a,07 May 2021 02:00 PM
KF20210429-00001,Kevin Ferber,(123) 233-2321,Naseer Zemaryalai, 1737373733,04 May 2021 11:30 AM
SA20210428-00002,ShahAli,(800) 921-6933,Naseer Zemaryalai, 2833773737373,04 May 2021 01:55 PM
DH20210429-00002,Derrick Hicks,(334) 234-3243,Naseer Zemaryalai, 38484833,04 May 2021 11:30 AM
LF20210418-00004,Leah Fletcher,(123) 232-1311,Naseer Zemaryalai, n/a,30 Apr 2021 12:00 PM
FG20210424-00002,fgdfg gdfgdf,(575) 565-6565,N/A, n/a,30 Apr 2021 06:00 AM
NZ20210423-00001,Naseer Zemaryalai,(180) 921-6933,N/A, n/a,30 Apr 2021 05:00 PM
AD20210425-00004,asdasd dasd,(323) 232-3232,N/A, n/a,30 Apr 2021 06:00 AM
LS20210423-00002,Leah Smith,(123) 123-1234,Naseer Zemaryalai, 1111111111111,30 Apr 2021 04:30 AM
SB20210425-00002,Raj Sharma,(564) 444-4455,Yogesh Patel, 1234567889,30 Apr 2021 06:00 AM
NZ20210424-00003,Naseer Zemaryalai,(180) 092-1693,N/A, n/a,29 Apr 2021 11:00 AM
NZ20210426-00001,Naseer Zemaryalai,(180) 092-1693,N/A, n/a,29 Apr 2021 11:30 AM
AN20210424-00004,Arzo Nizam,(510) 363-4667,N/A, n/a,29 Apr 2021 01:30 PM
JS20210428-00001,JohnSmith,(123) 123-1234,N/A, n/a,29 Apr 2021 11:30 AM
KH20210426-00002,Khizer Hayat,(800) 921-6933,Naseer Zemaryalai, 12334,28 Apr 2021 11:30 AM
SB20210425-00005,Raj Sharma,(564) 467-7445,N/A, n/a,26 Apr 2021 03:55 AM
AS20210418-00001,Agent Suhail,(701) 666-7777,Yogesh Patel, 124556,22 Apr 2021 03:15 AM
DP20210419-00002,Yogeshkumar Patel,(789) 456-8925,N/A, n/a,22 Apr 2021 01:00 PM
DP20210419-00003,Yogesh Patel,(456) 789-4578,Yogesh Patel, n/a,22 Apr 2021 04:15 AM
MS20210418-00003,Mike Smith,(510) 123-1233,N/A, n/a,20 Apr 2021 01:00 PM
